Average_HR,Min_HR,Max_HR,Mean_RR,SDNN,RMSSD,Stability_Score
75.44848989,37.69633508,100,0.799520224,0.068232026,0.084079187,0.111439192
