Record,Avg_Heart_Rate,SDNN,RMSSD,LF_HF_Ratio
100,107.01723612662599,0.17534442589299035,0.17038730456725826,1.0290872154536623
101,122.4776190139133,0.08203393861780885,0.12660461716996013,0.6479486491320793
102,126.52769740325301,0.1348809808861081,0.1623062493264878,0.8310225294668716
