File,Delta,Theta,Alpha,Beta,Gamma
chb01_01.edf,2.4227527273187036e-10,3.7211182519715075e-11,8.245815442868198e-12,7.24572232279682e-12,7.202412434374879e-12
chb01_02.edf,1.8063435131079958e-10,3.1124157705789086e-11,1.1847245440774939e-11,4.446592607115025e-12,3.647561055141388e-12
chb03_01.edf,4.361292039472613e-10,3.6290405999639155e-11,9.217901540258864e-12,5.326581228826001e-12,5.502355682499842e-12
chb03_02.edf,5.22091571043649e-10,4.659008867987201e-11,1.1235932763421357e-11,1.0407256846401256e-11,1.315226120666061e-11
chb03_03.edf,8.156650494190844e-10,6.954660089387523e-11,1.60242436080587e-11,1.7030327070252982e-11,2.2011391002216455e-11
chb03_04.edf,2.047591505019863e-10,1.5507602540104927e-11,2.662168422468669e-12,2.9814808070154787e-12,2.7434943194416703e-12
chb03_05.edf,1.3167366893649446e-10,7.608936338906395e-12,3.2090828718843587e-12,1.0249377380065156e-12,5.269051190979983e-13
