Record,Avg_Heart_Rate,SDNN,RMSSD,LF_HF_Ratio,File,Delta,Theta,Alpha,Beta,Gamma,Beta_Alpha_Ratio,HR_norm,LFHF_norm,BA_norm,NeuroCardiac_Stress_Index,Stress_Level
100,107.017236126626,0.1753444258929903,0.1703873045672582,1.0290872154536623,chb01_01.edf,2.422752727318704e-10,3.721118251971508e-11,8.245815442868198e-12,7.24572232279682e-12,7.202412434374879e-12,0.06693766676478213,0.845800866711059,1.0,0.45603305933200544,0.7361534837461199,High
101,122.4776190139133,0.0820339386178088,0.1266046171699601,0.6479486491320793,chb01_02.edf,1.8063435131079958e-10,3.1124157705789086e-11,1.184724544077494e-11,4.4465926071150246e-12,3.647561055141388e-12,0.039755942040339054,0.9679905785653254,0.6296343394436572,0.2708493551021179,0.587627217443542,Medium
102,126.527697403253,0.1348809808861081,0.1623062493264878,0.8310225294668716,chb03_01.edf,4.3612920394726124e-10,3.629040599963916e-11,9.217901540258864e-12,5.326581228826001e-12,5.502355682499842e-12,0.048770221307196306,1.0,0.8075336249323863,0.3322618534818911,0.6751648288724723,Medium
100,107.017236126626,0.1753444258929903,0.1703873045672582,1.0290872154536623,chb03_02.edf,5.22091571043649e-10,4.659008867987201e-11,1.1235932763421355e-11,1.0407256846401256e-11,1.315226120666061e-11,0.09356020656144991,0.845800866711059,1.0,0.6374071474567813,0.8087031189960301,High
101,122.4776190139133,0.0820339386178088,0.1266046171699601,0.6479486491320793,chb03_03.edf,8.156650494190843e-10,6.954660089387523e-11,1.6024243608058698e-11,1.7030327070252982e-11,2.201139100221645e-11,0.14678248735482474,0.9679905785653254,0.6296343394436572,1.0,0.8792874754026948,High
102,126.527697403253,0.1348809808861081,0.1623062493264878,0.8310225294668716,chb03_04.edf,2.0475915050198628e-10,1.5507602540104927e-11,2.662168422468669e-12,2.981480807015479e-12,2.7434943194416703e-12,0.02904166990459702,1.0,0.8075336249323863,0.19785514217641728,0.6214021443502828,Medium
100,107.017236126626,0.1753444258929903,0.1703873045672582,1.0290872154536623,chb03_05.edf,1.3167366893649446e-10,7.608936338906395e-12,3.209082871884359e-12,1.0249377380065156e-12,5.269051190979983e-13,0.009930693205352796,0.845800866711059,1.0,0.06765584494658977,0.5808025979919536,Medium
